model,test,suite,passed,ground_truth,response
PyGAM,most_important_feature,standard,True,x0,x0
PyGAM,point_prediction,standard,False,10.041,4.160
PyGAM,direction_of_change,standard,True,7.951,7.105
PyGAM,feature_ranking,standard,True,"x0, x1, x2","x0, x1, x2"
PyGAM,threshold_identification,standard,False,0.5,0.
PyGAM,irrelevant_features,standard,True,"x1, x2, x3, x4 are irrelevant","x1, x4"
PyGAM,sign_of_effect,standard,True,-5.029,The prediction changes by **-5.064** when \( x_1 \) increases by 1 unit (all other features at 0).
PyGAM,counterfactual_prediction,standard,False,12.306,8.82
PyGAM,hard_all_features_active,hard,False,6.163,2.291
PyGAM,hard_pairwise_anti_intuitive,hard,False,1.914,"To calculate the difference in predictions for Sample B and Sample A, we use the formula for the Generalized Additive Model (GAM):

\[
y = \text{intercept} + f_0(x_0) + f_1(x_1) + f_2(x_2) + f_3(x_3) + f_4(x_4)
\]

### Step 1: Extract relevant feature effects
From the given data:
- **Sample A**: \(x_0 = 2.0\), \(x_1 = 0.1\), \(x_2 = 0.0\), \(x_3 = 0.0\), \(x_4 = 0.0\)
- **Sample B**: \(x_0 = 0.5\), \(x_1 = 3.3\), \(x_2 = 0.0\), \(x_3 ="
PyGAM,hard_quantitative_sensitivity,hard,True,7.986,8.218
PyGAM,hard_mixed_sign_goes_negative,hard,True,-0.894,-0.899
PyGAM,hard_two_feature_perturbation,hard,False,9.098,The prediction is **4.57**.
PyGAM,insight_simulatability,insight,False,10.89,2.948
PyGAM,insight_sparse_feature_set,insight,True,"x0, x1 only","x0, x1"
PyGAM,insight_nonlinear_threshold,insight,True,~0 (flat for x0<0),-0.02
PyGAM,insight_nonlinear_direction,insight,True,5.962,"The prediction is:

**5.4091**"
PyGAM,insight_counterfactual_target,insight,False,3.061,4.00
PyGAM,insight_decision_region,insight,True,1.508,1.87
PyGAM,discrim_simulate_all_active,standard,False,5.372,The prediction is **2.771**.
PyGAM,discrim_compactness,standard,True,,**Yes**
PyGAM,discrim_dominant_feature_sample,standard,True,"x0 (coefficient ≈7, value=2.0 >> others)",x0
PyGAM,discrim_unit_sensitivity,standard,False,4.977,"To calculate the change in the model's prediction when \( x_0 \) increases from 0 to 1, we need to determine the change in the partial effect of \( x_0 \) over this range. However, the table does not provide the exact effect values for \( x_0 = 0 \) or \( x_0 = 1 \). Instead, we can approximate using the closest given values.

From the table for \( x_0 \):
- At \( x_0 = -0.71 \), effect = -5.340
- At \( x_0 = +0.36 \), effect = +0.047
- At \( x_0 = +1.43 \), effect = +5.356

The partial effect of \( x_0 \) appears to increase linearly between these points. To estimate the effect at \( x_0 = 0 \) and \( x_0 = 1 \),"
PyGAM,discrim_predict_above_threshold,standard,True,2.29,"The prediction is:

**2.040**"
PyGAM,discrim_predict_below_threshold,standard,True,0.02,"The prediction for \( x_0 = -0.5 \), \( x_1 = 0.0 \), and \( x_2 = 0.0 \) is:

\[
y = \text{intercept} + f_0(x_0) + f_1(x_1) + f_2(x_2)
\]

### Step 1: Intercept
\[
\text{intercept} = 0.5390
\]

### Step 2: \( f_0(x_0) \) (effect of \( x_0 \))
From the table, the closest values to \( x_0 = -0.5 \) are:
- \( x_0 = -1.13 \), effect = -0.623
- \( x_0 = -0.14 \), effect = -0.763

Using linear interpolation:
\[
f_0(-0.5) = -0"
PyGAM,discrim_simulate_mixed_sign,standard,False,7.43,"The prediction for the given inputs is:

**1.633**"
PyGAM,discrim_simulate_double_threshold,standard,False,2.203,1.025
PyGAM,discrim_simulate_additive_nonlinear,standard,False,5.749,"The prediction for the given inputs is:

**2.9042** (intercept)  
+ **1.102** (effect of \(x_0 = 1.5\), approximated from \(x_0 = 1.72\))  
+ **2.222** (effect of \(x_1 = 1.0\), approximated from \(x_1 = 1.18\))  
+ **-0.805** (effect of \(x_2 = -0.5\), approximated from \(x_2 = -1.11\) and \(x_2 = -0.04\))  
+ **0.310** (effect of \(x_3 = 0.0\), approximated from \(x_3 = 0.21\))  
+ **0.219** (effect of \(x_4 = 0.0\), approximated from \(x_4 ="
PyGAM,discrim_simulate_interaction,standard,False,8.978,The prediction is **1.049**.
PyGAM,simulatability_eight_features,standard,False,7.865,"The prediction for the given inputs is:

**-1.768**"
PyGAM,simulatability_fifteen_features_sparse,standard,False,21.925,"The prediction for the given input is:

**3.905**"
PyGAM,simulatability_quadratic,standard,False,5.365,-4.768
PyGAM,simulatability_triple_interaction,standard,True,1.096,"The prediction for the given inputs is:

**1.878**"
PyGAM,simulatability_friedman1,standard,False,15.62,10.509
PyGAM,simulatability_cascading_threshold,standard,False,1.79,"The prediction for the given inputs is:

**0.591**"
PyGAM,simulatability_quadratic_counterfactual,standard,False,12.11,The prediction changes by **20.842**.
PyGAM,simulatability_exponential_decay,standard,False,5.056,The prediction is **2.372**.
PyGAM,simulatability_piecewise_three_segment,standard,True,1.57,"The prediction is:

**0.8361**"
PyGAM,simulatability_twenty_features_sparse,standard,False,14.507,"The prediction for the given input is:

**-0.0157**"
PyGAM,simulatability_sinusoidal,standard,False,4.789,The prediction is **1.210**.
PyGAM,simulatability_abs_value,standard,False,3.739,The prediction is **1.764**.
PyGAM,simulatability_twelve_features_all_active,standard,True,1.289,1.732
PyGAM,simulatability_nested_threshold,standard,False,3.131,"The prediction for the given inputs is:

**0.9499 + 0.569 - 0.723 - 0.064 - 0.162 + 0.263 = 0.8321**"
DT_mini,most_important_feature,standard,True,x0,x0
DT_mini,point_prediction,standard,True,10.713,10.71
DT_mini,direction_of_change,standard,False,8.228,4.21
DT_mini,feature_ranking,standard,True,"x0, x1, x2","x0, x1"
DT_mini,threshold_identification,standard,True,0.5,0.50
DT_mini,irrelevant_features,standard,False,"x1, x2, x3, x4 are irrelevant","Based on the provided decision tree structure, the only feature used for splitting is **x0**. No other features are mentioned in the tree, which implies that all other features (if any exist) have no effect on the prediction.

Thus, if there are other features besides **x0**, they would have little or no effect on the prediction. However, since no other feature names are provided in the tree, I cannot list them explicitly. If you have additional feature names, please provide them for clarification."
DT_mini,sign_of_effect,standard,False,-5.636,The prediction changes by **-3.95** when \( x_1 \) increases by 1 unit (all other features at 0).
DT_mini,counterfactual_prediction,standard,True,8.874,8.87
DT_mini,hard_all_features_active,hard,True,5.501,5.50
DT_mini,hard_pairwise_anti_intuitive,hard,False,0.078,-2.62
DT_mini,hard_quantitative_sensitivity,hard,True,8.8,9.85
DT_mini,hard_mixed_sign_goes_negative,hard,True,0.219,0.22
DT_mini,hard_two_feature_perturbation,hard,True,7.299,7.30
DT_mini,insight_simulatability,insight,True,5.208,5.21
DT_mini,insight_sparse_feature_set,insight,True,"x0, x1 only","x0,x1"
DT_mini,insight_nonlinear_threshold,insight,True,~0 (flat for x0<0),0.23
DT_mini,insight_nonlinear_direction,insight,False,6.484,4.93
DT_mini,insight_counterfactual_target,insight,False,10.0,2.43
DT_mini,insight_decision_region,insight,True,1.519,1.52
DT_mini,discrim_simulate_all_active,standard,False,2.418,-0.86
DT_mini,discrim_compactness,standard,True,,yes
DT_mini,discrim_dominant_feature_sample,standard,True,"x0 (coefficient ≈7, value=2.0 >> others)",x0
DT_mini,discrim_unit_sensitivity,standard,False,5.357,"To determine how much the model's prediction changes when \( x_0 \) increases from 0 to 1, we need to follow the decision tree for both \( x_0 = 0 \) and \( x_0 = 1 \), given that \( x_1 = 0 \), \( x_2 = 0 \), and \( x_3 = 0 \).

### Step 1: Follow the tree for \( x_0 = 0 \), \( x_1 = 0 \)
- At the root, \( x_0 > -0.12 \) (True).
- Next, \( x_0 \leq 0.87 \) (True).
- Then, \( x_1 \leq 0.07 \) (True).

The predicted value is **0.24**.

### Step 2: Follow the tree for \( x_0 = 1 \), \( x_1 = "
DT_mini,discrim_predict_above_threshold,standard,True,1.98,1.98
DT_mini,discrim_predict_below_threshold,standard,True,-0.01,-0.01
DT_mini,discrim_simulate_mixed_sign,standard,True,6.942,6.94
DT_mini,discrim_simulate_double_threshold,standard,True,1.986,1.99
DT_mini,discrim_simulate_additive_nonlinear,standard,True,5.668,5.67
DT_mini,discrim_simulate_interaction,standard,True,9.903,9.90
DT_mini,simulatability_eight_features,standard,False,10.125,6.59
DT_mini,simulatability_fifteen_features_sparse,standard,True,16.23,16.23
DT_mini,simulatability_quadratic,standard,False,3.807,-0.33
DT_mini,simulatability_triple_interaction,standard,False,-0.448,8.33
DT_mini,simulatability_friedman1,standard,False,15.974,0.89
DT_mini,simulatability_cascading_threshold,standard,True,1.321,1.32
DT_mini,simulatability_quadratic_counterfactual,standard,True,11.15,The prediction changes by **11.15**.
DT_mini,simulatability_exponential_decay,standard,True,4.888,4.89
DT_mini,simulatability_piecewise_three_segment,standard,True,1.791,1.79
DT_mini,simulatability_twenty_features_sparse,standard,True,13.4,13.40
DT_mini,simulatability_sinusoidal,standard,True,3.701,3.70
DT_mini,simulatability_abs_value,standard,False,3.811,-0.10
DT_mini,simulatability_twelve_features_all_active,standard,False,5.981,10.73
DT_mini,simulatability_nested_threshold,standard,True,2.004,2.00
DT_large,most_important_feature,standard,True,x0,x0
DT_large,point_prediction,standard,True,9.228,9.23
DT_large,direction_of_change,standard,False,7.946,5.44
DT_large,feature_ranking,standard,True,"x0, x1, x2","x0, x1, x2"
DT_large,threshold_identification,standard,False,0.5,0.00
DT_large,irrelevant_features,standard,False,"x1, x2, x3, x4 are irrelevant","Based on the provided decision tree structure, the feature **x1** appears to have little or no effect on the prediction. This is because it is only used in a few splits, and even in those cases, the splits do not significantly influence the overall structure of the tree or the predictions.

So, the answer is:

**x1**"
DT_large,sign_of_effect,standard,True,-4.817,The prediction changes by **-5.03** when \( x_1 \) increases by 1 unit (all other features at 0).
DT_large,counterfactual_prediction,standard,True,9.286,9.29
DT_large,hard_all_features_active,hard,True,4.841,4.84
DT_large,hard_pairwise_anti_intuitive,hard,False,-0.393,13.69
DT_large,hard_quantitative_sensitivity,hard,True,9.633,8.64
DT_large,hard_mixed_sign_goes_negative,hard,True,-0.981,-0.98
DT_large,hard_two_feature_perturbation,hard,True,7.299,7.30
DT_large,insight_simulatability,insight,True,8.13,8.84
DT_large,insight_sparse_feature_set,insight,True,"x0, x1 only","x0,x1"
DT_large,insight_nonlinear_threshold,insight,False,~0 (flat for x0<0),0.70
DT_large,insight_nonlinear_direction,insight,False,6.083,7.30
DT_large,insight_counterfactual_target,insight,False,10.0,2.58
DT_large,insight_decision_region,insight,False,1.519,0.95
DT_large,discrim_simulate_all_active,standard,False,5.641,2.56
DT_large,discrim_compactness,standard,False,,no
DT_large,discrim_dominant_feature_sample,standard,True,"x0 (coefficient ≈7, value=2.0 >> others)",x0
DT_large,discrim_unit_sensitivity,standard,False,6.5,"To determine how much the model's prediction changes when \( x_0 \) increases from 0 to 1, we need to follow the decision tree's structure for \( x_0 \) while keeping \( x_1 = 0 \), \( x_2 = 0 \), and \( x_3 = 0 \).

### Step-by-step traversal:
1. **Initial value of \( x_0 = 0 \):**
   - Start at the root node.
   - \( x_0 \leq 0.70 \), so we go to the left branch.
   - \( x_0 \leq 0.23 \), so we go to the left branch again.
   - The predicted value is **0.07**.

2. **Value of \( x_0 = 1 \):**
   - Start at the root node.
   - \( x_0 > 0.70 \), so we go to the"
DT_large,discrim_predict_above_threshold,standard,True,1.99,1.99
DT_large,discrim_predict_below_threshold,standard,True,-0.01,0.14
DT_large,discrim_simulate_mixed_sign,standard,False,3.682,6.36
DT_large,discrim_simulate_double_threshold,standard,True,1.984,2.00
DT_large,discrim_simulate_additive_nonlinear,standard,True,6.501,6.50
DT_large,discrim_simulate_interaction,standard,True,15.318,15.32
DT_large,simulatability_eight_features,standard,True,9.239,10.36
DT_large,simulatability_fifteen_features_sparse,standard,False,18.507,7.68
DT_large,simulatability_quadratic,standard,False,3.807,8.44
DT_large,simulatability_triple_interaction,standard,True,-0.448,-0.45
DT_large,simulatability_friedman1,standard,False,16.662,**22.29**
DT_large,simulatability_cascading_threshold,standard,True,2.035,2.04
DT_large,simulatability_quadratic_counterfactual,standard,False,8.225,12.12
DT_large,simulatability_exponential_decay,standard,False,4.925,5.96
DT_large,simulatability_piecewise_three_segment,standard,True,1.512,1.51
DT_large,simulatability_twenty_features_sparse,standard,True,11.334,The model predicts: **11.33**
DT_large,simulatability_sinusoidal,standard,False,4.204,2.92
DT_large,simulatability_abs_value,standard,False,3.479,1.22
DT_large,simulatability_twelve_features_all_active,standard,False,1.531,8.21
DT_large,simulatability_nested_threshold,standard,True,2.004,2.00
OLS,most_important_feature,standard,True,x0,x0
OLS,point_prediction,standard,True,10.061,10.0600
OLS,direction_of_change,standard,True,7.999,7.9989
OLS,feature_ranking,standard,True,"x0, x1, x2","x0, x1, x2"
OLS,threshold_identification,standard,True,0.5,0.846
OLS,irrelevant_features,standard,True,"x1, x2, x3, x4 are irrelevant","To determine which features have little or no effect on the prediction, we can look at the absolute values of their coefficients. Features with coefficients close to 0 have minimal impact on the prediction.

From the given coefficients:
- **x0**: 9.9729 (large effect)
- **x1**: -0.0104 (very small effect)
- **x2**: 0.0205 (small effect)
- **x3**: 0.0087 (very small effect)
- **x4**: 0.0230 (small effect)

Features with very small coefficients are **x1** and **x3**, as their absolute values are close to 0.

### Answer:
**x1, x3**"
OLS,sign_of_effect,standard,True,-4.996,-4.9956
OLS,counterfactual_prediction,standard,True,11.996,12.00
OLS,hard_all_features_active,hard,True,6.186,6.2151
OLS,hard_pairwise_anti_intuitive,hard,False,2.145,"To calculate the difference in predictions for Sample B and Sample A, we use the regression equation:

\[
y = 4.9789 \cdot x_0 + 3.0041 \cdot x_1 + (-0.0062) \cdot x_2 + 0.0144 \cdot x_3 + 0.0497 \cdot x_4 + 0.0194
\]

### Step 1: Calculate prediction for Sample A
For Sample A: \(x_0 = 2.0\), \(x_1 = 0.1\), \(x_2 = 0.0\), \(x_3 = 0.0\), \(x_4 = 0.0\)

\[
y_A = (4.9789 \cdot 2.0) + (3.0041 \cdot 0.1) + (-0.0062"
OLS,hard_quantitative_sensitivity,hard,True,8.058,8.0576
OLS,hard_mixed_sign_goes_negative,hard,False,-0.934,0.0903
OLS,hard_two_feature_perturbation,hard,True,9.031,9.0423
OLS,insight_simulatability,insight,False,11.007,14.0347
OLS,insight_sparse_feature_set,insight,True,"x0, x1 only","x0, x1"
OLS,insight_nonlinear_threshold,insight,False,~0 (flat for x0<0),1.1615
OLS,insight_nonlinear_direction,insight,True,4.194,4.1939
OLS,insight_counterfactual_target,insight,True,2.998,3.0
OLS,insight_decision_region,insight,True,1.5,1.506
OLS,discrim_simulate_all_active,standard,False,5.411,10.2111
OLS,discrim_compactness,standard,True,,Yes
OLS,discrim_dominant_feature_sample,standard,True,"x0 (coefficient ≈7, value=2.0 >> others)",x0
OLS,discrim_unit_sensitivity,standard,True,5.015,5.0148
OLS,discrim_test_predict_above_threshold,standard,False,,
OLS,discrim_test_predict_below_threshold,standard,False,,
OLS,discrim_simulate_mixed_sign,standard,True,7.275,8.4361
OLS,discrim_simulate_double_threshold,standard,False,2.01,1.01054
OLS,discrim_simulate_additive_nonlinear,standard,True,4.172,3.9240
OLS,discrim_simulate_interaction,standard,True,9.199,7.5561
OLS,simulatability_eight_features,standard,False,8.03,10.2427
OLS,simulatability_fifteen_features_sparse,standard,True,21.961,The prediction is **20.2551**.
OLS,simulatability_quadratic,standard,True,1.439,1.99935
OLS,simulatability_triple_interaction,standard,True,0.903,0.7597
OLS,simulatability_friedman1,standard,True,15.172,14.6627
OLS,simulatability_cascading_threshold,standard,True,1.596,1.1457
OLS,simulatability_quadratic_counterfactual,standard,True,0.167,"The change in prediction is calculated as:

\[
\Delta y = \text{coefficient of } x0 \times \Delta x0
\]

Here, the coefficient of \(x0\) is \(0.0833\), and \(\Delta x0 = 2.0 - 0.0 = 2.0\). So:

\[
\Delta y = 0.0833 \times 2.0 = 0.1666
\]

**Answer: 0.1666**"
OLS,simulatability_exponential_decay,standard,True,6.418,6.4910
OLS,simulatability_piecewise_three_segment,standard,True,1.099,1.0993
OLS,simulatability_twenty_features_sparse,standard,False,14.558,6.7749
OLS,simulatability_sinusoidal,standard,True,3.505,2.9984
OLS,simulatability_abs_value,standard,True,1.23,0.9941
OLS,simulatability_twelve_features_all_active,standard,False,1.333,9.1021
OLS,simulatability_nested_threshold,standard,True,2.24,1.7823*(0.8) + 0.6964*(-0.5) + -0.0622*(0.0) + -0.0647*(0.0) + -0.0242*(0.0) + 1.1620 = **2.0477**
LassoCV,most_important_feature,standard,True,x0,x0
LassoCV,point_prediction,standard,True,10.05,10.0496
LassoCV,direction_of_change,standard,True,7.957,7.9573
LassoCV,feature_ranking,standard,True,"x0, x1, x2","x0, x1, x2"
LassoCV,threshold_identification,standard,False,0.5,0.86
LassoCV,irrelevant_features,standard,True,"x1, x2, x3, x4 are irrelevant","x1, x2, x3, x4"
LassoCV,sign_of_effect,standard,True,-4.99,-4.9903
LassoCV,counterfactual_prediction,standard,True,11.927,12.93
LassoCV,hard_all_features_active,hard,False,6.18,3.9941
LassoCV,hard_pairwise_anti_intuitive,hard,False,2.128,"The model's prediction for sample B minus the prediction for sample A is:

**6.8895**"
LassoCV,hard_quantitative_sensitivity,hard,True,7.963,7.9628
LassoCV,hard_mixed_sign_goes_negative,hard,False,-0.933,2.0673
LassoCV,hard_two_feature_perturbation,hard,False,9.02,6.0181
LassoCV,insight_simulatability,insight,False,10.978,12.9782
LassoCV,insight_sparse_feature_set,insight,True,"x0, x1 only","x0, x1"
LassoCV,insight_nonlinear_threshold,insight,False,~0 (flat for x0<0),1.1619
LassoCV,insight_nonlinear_direction,insight,True,4.087,4.0865
LassoCV,insight_counterfactual_target,insight,False,3.001,"To solve this, we use the LASSO regression equation:

\[
\text{Prediction} = (\text{coefficient of } x_0) \cdot x_0 + (\text{coefficient of } x_1) \cdot x_1 + (\text{coefficient of } x_2) \cdot x_2 + \text{intercept}
\]

Substitute the given values:
- Coefficient of \(x_0 = 3.9987\)
- Coefficient of \(x_1 = 1.9935\)
- Coefficient of \(x_2 = 0.0085\)
- Intercept = \(-0.0390\)

The prediction equation becomes:
\[
\text{Prediction} = 3.9987 \cdot x_0 + 1.9935 \cdot x_1 + 0.0085 \cdot x_2 - 0"
LassoCV,insight_decision_region,insight,False,1.507,6.015
LassoCV,discrim_simulate_all_active,standard,True,5.402,4.6181
LassoCV,discrim_compactness,standard,True,,Yes
LassoCV,discrim_dominant_feature_sample,standard,True,"x0 (coefficient ≈7, value=2.0 >> others)",x0
LassoCV,discrim_unit_sensitivity,standard,True,5.009,"The model's prediction changes by **5.0094** when \( x_0 \) increases from 0 to 1, as the coefficient of \( x_0 \) is 5.0094 and all other terms are zero."
LassoCV,discrim_test_predict_above_threshold,standard,False,,
LassoCV,discrim_test_predict_below_threshold,standard,False,,
LassoCV,discrim_simulate_mixed_sign,standard,False,7.276,3.6151
LassoCV,discrim_simulate_double_threshold,standard,True,2.009,1.9997
LassoCV,discrim_simulate_additive_nonlinear,standard,True,4.124,"The prediction is:

\[
\text{Prediction} = \text{intercept} + (x_0 \cdot 1.5582) + (x_1 \cdot 1.0976) + (x_2 \cdot 0.9517) + (x_3 \cdot -0.0320)
\]

Substitute the values:

\[
\text{Prediction} = 1.1654 + (1.5 \cdot 1.5582) + (1.0 \cdot 1.0976) + (-0.5 \cdot 0.9517) + (0.0 \cdot -0.0320)
\]

\[
\text{Prediction} = 1.1654 + 2.3373 + 1.0976 - 0.47585
\]

\[
\text{Prediction} = 4.12445
"
LassoCV,discrim_simulate_interaction,standard,False,8.961,6.9078
LassoCV,simulatability_eight_features,standard,False,8.037,"The prediction is:

**6.5361**"
LassoCV,simulatability_fifteen_features_sparse,standard,False,21.874,5.8503
LassoCV,simulatability_quadratic,standard,True,1.33,"The prediction is:

\[
\text{Prediction} = \text{intercept} + (0.8156 \cdot x2) + (-0.0701 \cdot x3)
\]

Substitute the values:

\[
\text{Prediction} = 0.9219 + (0.8156 \cdot 0.5) + (-0.0701 \cdot 0.0)
\]

\[
\text{Prediction} = 0.9219 + 0.4078 + 0
\]

\[
\text{Prediction} = 1.3297
\]

**Answer: 1.3297**"
LassoCV,simulatability_triple_interaction,standard,True,0.338,0.3383
LassoCV,simulatability_friedman1,standard,False,15.156,7.9641
LassoCV,simulatability_cascading_threshold,standard,False,1.522,\(-1.1867\)
LassoCV,simulatability_quadratic_counterfactual,standard,True,0.0,"The prediction does not change because the coefficient for \(x_0\) is zero (it is excluded from the model). Therefore, the change in prediction is:

**0.0**"
LassoCV,simulatability_exponential_decay,standard,True,6.403,7.5005
LassoCV,simulatability_piecewise_three_segment,standard,True,1.092,1.09245
LassoCV,simulatability_twenty_features_sparse,standard,False,14.497,"The prediction is:

**6.7551**"
LassoCV,simulatability_sinusoidal,standard,False,3.502,1.8707
LassoCV,simulatability_abs_value,standard,True,1.19,1.1901
LassoCV,simulatability_twelve_features_all_active,standard,False,1.348,The prediction is **4.7925**.
LassoCV,simulatability_nested_threshold,standard,True,2.239,1.1628 + (1.7771 * 0.8) + (0.6909 * -0.5) + (-0.0576 * 0.0) + (-0.0591 * 0.0) + (-0.0188 * 0.0) = **2.0035**
RidgeCV,most_important_feature,standard,True,x0,x0
RidgeCV,point_prediction,standard,True,10.058,10.0588
RidgeCV,direction_of_change,standard,True,7.996,7.9960
RidgeCV,feature_ranking,standard,True,"x0, x1, x2","x0, x1, x2"
RidgeCV,threshold_identification,standard,False,0.5,0.85
RidgeCV,irrelevant_features,standard,True,"x1, x2, x3, x4 are irrelevant","The features with coefficients close to zero have little or no effect on the prediction. Based on the given coefficients:

- **x1**: -0.0104
- **x2**: 0.0205
- **x3**: 0.0088
- **x4**: 0.0230

These coefficients are very small compared to **x0** (9.9693). Therefore, the features that appear to have little or no effect on the prediction are:

**x1, x2, x3, x4**"
RidgeCV,sign_of_effect,standard,True,-4.994,-4.9943
RidgeCV,counterfactual_prediction,standard,True,11.956,12.96
RidgeCV,hard_all_features_active,hard,True,6.185,5.2159
RidgeCV,hard_pairwise_anti_intuitive,hard,False,2.145,"The model's prediction for sample B minus the prediction for sample A is:

**4.9506**"
RidgeCV,hard_quantitative_sensitivity,hard,True,8.055,8.0548
RidgeCV,hard_mixed_sign_goes_negative,hard,False,-0.934,0.0906
RidgeCV,hard_two_feature_perturbation,hard,True,9.029,9.04
RidgeCV,insight_simulatability,insight,True,11.005,12.0483
RidgeCV,insight_sparse_feature_set,insight,True,"x0, x1 only","x0, x1"
RidgeCV,insight_nonlinear_threshold,insight,False,~0 (flat for x0<0),10
RidgeCV,insight_nonlinear_direction,insight,True,4.148,4.1483
RidgeCV,insight_counterfactual_target,insight,False,2.999,"To solve for \( x_0 \), we use the regression equation:

\[
y = 4.0025 \cdot x_0 + 1.9975 \cdot x_1 + 0.0131 \cdot x_2 - 0.0390
\]

Given:
- \( y = 13.96 \)
- \( x_1 = 1.0 \)
- \( x_2 = 0.0 \)

Substitute these values into the equation:

\[
13.96 = 4.0025 \cdot x_0 + 1.9975 \cdot 1.0 + 0.0131 \cdot 0.0 - 0.0390
\]

Simplify:

\[
13.96 = 4.0025 \cdot x_0 + 1.9975 - 0.0390
\]

\[
13.96 ="
RidgeCV,insight_decision_region,insight,True,1.501,1.506
RidgeCV,discrim_simulate_all_active,standard,False,5.41,7.2971
RidgeCV,discrim_compactness,standard,True,,Yes
RidgeCV,discrim_dominant_feature_sample,standard,True,"x0 (coefficient ≈7, value=2.0 >> others)",x0
RidgeCV,discrim_unit_sensitivity,standard,True,5.014,5.0138
RidgeCV,discrim_test_predict_above_threshold,standard,False,,
RidgeCV,discrim_test_predict_below_threshold,standard,False,,
RidgeCV,discrim_simulate_mixed_sign,standard,True,7.274,7.2141
RidgeCV,discrim_simulate_double_threshold,standard,True,2.008,1.9998
RidgeCV,discrim_simulate_additive_nonlinear,standard,True,4.168,3.9204
RidgeCV,discrim_simulate_interaction,standard,True,9.186,7.6466
RidgeCV,simulatability_eight_features,standard,True,8.028,6.6492
RidgeCV,simulatability_fifteen_features_sparse,standard,False,21.958,15.1809
RidgeCV,simulatability_quadratic,standard,True,1.433,0.9238 + (0.0822 * 1.5) + (0.1014 * -1.0) + (0.9748 * 0.5) + (-0.2253 * 0.0) + (0.0123 * 0.0) = **1.4429**
RidgeCV,simulatability_triple_interaction,standard,True,0.895,0.7509
RidgeCV,simulatability_friedman1,standard,True,15.163,15.5956
RidgeCV,simulatability_cascading_threshold,standard,True,1.594,The prediction is **1.1223**.
RidgeCV,simulatability_quadratic_counterfactual,standard,True,0.164,"The change in prediction is calculated as:

\[
\Delta y = \text{coefficient of } x_0 \times \Delta x_0
\]

Here, the coefficient of \(x_0\) is \(0.0822\), and \(\Delta x_0 = 2.0 - 0.0 = 2.0\).

\[
\Delta y = 0.0822 \times 2.0 = 0.1644
\]

**Answer: 0.1644**"
RidgeCV,simulatability_exponential_decay,standard,True,6.421,6.47625
RidgeCV,simulatability_piecewise_three_segment,standard,True,1.099,1.0992
RidgeCV,simulatability_twenty_features_sparse,standard,True,14.557,"The prediction can be calculated by substituting the given values into the regression equation:

\[
y = 0.0040 \cdot x_0 + 0.0157 \cdot x_1 + 6.0114 \cdot x_2 + 0.0045 \cdot x_3 - 0.0064 \cdot x_4 + 0.0109 \cdot x_5 - 0.0027 \cdot x_6 - 3.4910 \cdot x_7 + 0.0012 \cdot x_8 + 0.0119 \cdot x_9 - 0.0237 \cdot x_{10} + 2.0272 \cdot x_{11} - 0.0086 \cdot x_{12} + 0.0030 \cdot x_{13} - 0.0117 \cdot"
RidgeCV,simulatability_sinusoidal,standard,True,3.502,2.8127
RidgeCV,simulatability_abs_value,standard,True,1.222,0.9841
RidgeCV,simulatability_twelve_features_all_active,standard,False,1.333,7.0651
RidgeCV,simulatability_nested_threshold,standard,True,2.239,1.7802*(0.8) + 0.6955*(-0.5) + -0.0623*(0.0) + -0.0645*(0.0) + -0.0240*(0.0) + 1.1622 = **2.0611**
RF,most_important_feature,standard,True,x0,x0
RF,point_prediction,standard,False,9.452,2.0
RF,direction_of_change,standard,False,8.025,The prediction changes by **+1.0**.
RF,feature_ranking,standard,True,"x0, x1, x2","x0, x1, x2"
RF,threshold_identification,standard,True,0.5,0.50
RF,irrelevant_features,standard,True,"x1, x2, x3, x4 are irrelevant","x1, x2, x3, x4"
RF,sign_of_effect,standard,False,-3.957,0.5183
RF,counterfactual_prediction,standard,True,9.299,7.51
RF,hard_all_features_active,hard,False,5.585,The prediction cannot be determined from the provided information.
RF,hard_pairwise_anti_intuitive,hard,False,-1.013,0.
RF,hard_quantitative_sensitivity,hard,False,8.1,2.0
RF,hard_mixed_sign_goes_negative,hard,False,0.926,2.95
RF,hard_two_feature_perturbation,hard,False,7.7,0.15
RF,insight_simulatability,insight,False,9.389,The predicted value cannot be determined from the provided information.
RF,insight_sparse_feature_set,insight,True,"x0, x1 only","x0,x1"
RF,insight_nonlinear_threshold,insight,False,~0 (flat for x0<0),0.78
RF,insight_nonlinear_direction,insight,False,6.147,The prediction cannot be determined from the provided information.
RF,insight_counterfactual_target,insight,False,10.0,2.0
RF,insight_decision_region,insight,False,1.519,0.77
RF,discrim_simulate_all_active,standard,False,3.463,The prediction cannot be determined from the provided information.
RF,discrim_compactness,standard,False,,no
RF,discrim_dominant_feature_sample,standard,True,"x0 (coefficient ≈7, value=2.0 >> others)",x0
RF,discrim_unit_sensitivity,standard,False,4.707,"To determine the exact change in the model's prediction when \( x_0 \) increases from 0 to 1, while keeping \( x_1 = 0 \), \( x_2 = 0 \), and \( x_3 = 0 \), we need to follow the decision path of the first tree in the Random Forest Regressor.

### Step-by-step traversal of the tree:

1. **Initial condition: \( x_0 = 0 \):**
   - Start at the root: \( x_0 \leq 0.50 \) (True, since \( x_0 = 0 \)).
   - Next, \( x_1 \leq 0.30 \) (True, since \( x_1 = 0 \)).
   - Next, \( x_2 \leq -0.77 \) (False, since \( x_2 = 0 \)).
   - Next, \( x_2"
RF,discrim_predict_above_threshold,standard,True,2.01,2.10
RF,discrim_predict_below_threshold,standard,False,-0.02,2.24
RF,discrim_simulate_mixed_sign,standard,False,7.169,The prediction 
RF,discrim_simulate_double_threshold,standard,False,1.988,0.0
RF,discrim_simulate_additive_nonlinear,standard,False,6.09,12.01
RF,discrim_simulate_interaction,standard,False,13.913,-11.14
RF,simulatability_eight_features,standard,False,11.399,-34.36
RF,simulatability_fifteen_features_sparse,standard,False,17.382,30.94
RF,simulatability_quadratic,standard,True,4.435,3.59
RF,simulatability_triple_interaction,standard,False,-0.704,The model predicts: **-4.62**
RF,simulatability_friedman1,standard,False,15.715,9.02
RF,simulatability_cascading_threshold,standard,False,2.332,The prediction 
RF,simulatability_quadratic_counterfactual,standard,False,11.111,The prediction changes by **3.59**.
RF,simulatability_exponential_decay,standard,False,4.94,The prediction 
RF,simulatability_piecewise_three_segment,standard,True,1.523,2.29
RF,simulatability_twenty_features_sparse,standard,False,12.708,The prediction for the given input 
RF,simulatability_sinusoidal,standard,False,4.222,The prediction 
RF,simulatability_abs_value,standard,False,4.164,0.41
RF,simulatability_twelve_features_all_active,standard,False,4.475,The prediction 
RF,simulatability_nested_threshold,standard,False,2.002,4.66
GBM,most_important_feature,standard,True,x0,x0
GBM,point_prediction,standard,True,9.363,10.65
GBM,direction_of_change,standard,True,7.927,6.33
GBM,feature_ranking,standard,True,"x0, x1, x2","x0, x1, x2"
GBM,threshold_identification,standard,True,0.5,0.50
GBM,irrelevant_features,standard,True,"x1, x2, x3, x4 are irrelevant","Based on the feature importances provided, the features with very low importance values (close to 0) are:

**x1, x2, x3, x4**"
GBM,sign_of_effect,standard,False,-4.622,The prediction changes by **5.83** units.
GBM,counterfactual_prediction,standard,True,9.412,8.50
GBM,hard_all_features_active,hard,True,5.54,5.54
GBM,hard_pairwise_anti_intuitive,hard,True,-0.814,"To calculate the difference in predictions for Sample B and Sample A, we will traverse the first estimator tree for both samples and compute their respective predictions.

### For Sample A (x0=2.0, x1=0.1):
- Start at the root: `x0 > -0.18` (True, go to the right branch).
- Next: `x1 <= 0.22` (True, go to the left branch).
- Next: `x0 <= 0.72` (False, go to the right branch).
- Value = **4.50**.

### For Sample B (x0=0.5, x1=3.3):
- Start at the root: `x0 > -0.18` (True, go to the right branch).
- Next: `x1 <= 0.22` (False, go to the right branch).
- Next: `x0 <= 0.85` ("
GBM,hard_quantitative_sensitivity,hard,False,8.269,4.31
GBM,hard_mixed_sign_goes_negative,hard,True,-0.505,0.29
GBM,hard_two_feature_perturbation,hard,True,8.068,7.45
GBM,insight_simulatability,insight,False,10.878,5.21
GBM,insight_sparse_feature_set,insight,True,"x0, x1 only","x0, x1"
GBM,insight_nonlinear_threshold,insight,False,~0 (flat for x0<0),0.70
GBM,insight_nonlinear_direction,insight,True,6.056,5.81
GBM,insight_counterfactual_target,insight,False,10.0,2.43
GBM,insight_decision_region,insight,False,1.519,0.95
GBM,discrim_simulate_all_active,standard,False,4.596,-5.31
GBM,discrim_compactness,standard,False,,**no**
GBM,discrim_dominant_feature_sample,standard,True,"x0 (coefficient ≈7, value=2.0 >> others)",x0
GBM,discrim_unit_sensitivity,standard,False,5.239,"To calculate the change in the model's prediction when \( x_0 \) increases from 0 to 1, we need to follow the first estimator tree and compute the difference in predictions.

### Step 1: Prediction when \( x_0 = 0 \), \( x_1 = 0 \), \( x_2 = 0 \), \( x_3 = 0 \)
- Start at the root of the tree:
  - \( x_0 = 0 > -0.12 \), so we go to the right subtree.
- In the right subtree:
  - \( x_0 = 0 \leq 0.87 \), so we go to the left child.
- In this node:
  - \( x_1 = 0 \leq 0.07 \), so we go to the left child.
- The value at this leaf is **0.29**.

### Step 2: Prediction when \( x"
GBM,discrim_predict_above_threshold,standard,True,1.98,1.68
GBM,discrim_predict_below_threshold,standard,True,-0.02,-0.32
GBM,discrim_simulate_mixed_sign,standard,True,6.964,6.97
GBM,discrim_simulate_double_threshold,standard,False,1.981,0.81
GBM,discrim_simulate_additive_nonlinear,standard,False,6.055,**4.48**
GBM,discrim_simulate_interaction,standard,False,13.324,3.30
GBM,simulatability_eight_features,standard,False,8.766,5.44
GBM,simulatability_fifteen_features_sparse,standard,False,21.938,5.81
GBM,simulatability_quadratic,standard,False,5.794,-0.93
GBM,simulatability_triple_interaction,standard,True,-1.427,-2.01
GBM,simulatability_friedman1,standard,False,16.492,-4.90
GBM,simulatability_cascading_threshold,standard,True,2.247,1.39
GBM,simulatability_quadratic_counterfactual,standard,True,10.505,The prediction changes by **8.43**.
GBM,simulatability_exponential_decay,standard,False,5.339,-2.92
GBM,simulatability_piecewise_three_segment,standard,True,1.484,0.81
GBM,simulatability_twenty_features_sparse,standard,True,13.632,13.27
GBM,simulatability_sinusoidal,standard,False,4.891,The prediction from the first estimator tree is **2.34**.
GBM,simulatability_abs_value,standard,True,3.566,3.37
GBM,simulatability_twelve_features_all_active,standard,False,1.998,8.19
GBM,simulatability_nested_threshold,standard,False,1.988,**0.88**
MLP,most_important_feature,standard,True,x0,x0
MLP,point_prediction,standard,False,9.471,I cannot compute the exact prediction with the given information.
MLP,direction_of_change,standard,False,8.671,The prediction changes by **0.5**.
MLP,feature_ranking,standard,True,"x0, x1, x2","x0, x1, x2"
MLP,threshold_identification,standard,False,0.5,0
MLP,irrelevant_features,standard,True,"x1, x2, x3, x4 are irrelevant","To determine which features have little or no effect on the prediction, we can analyze the L2 norm of the weights for each feature. The L2 norm provides a measure of the overall magnitude of the weights associated with a feature. Features with significantly smaller L2 norms are likely to have less influence on the model's predictions.

From the given data:

- **x0**: L2 = 3.766
- **x1**: L2 = 1.242
- **x2**: L2 = 1.220
- **x3**: L2 = 1.114
- **x4**: L2 = 1.256

Feature **x0** has a much larger L2 norm compared to the other features, indicating it has a stronger influence on the predictions. The other features (**x1**, **x2**, **x3**, and **x4**) have relatively small and similar L2 norms, suggesting they may"
MLP,sign_of_effect,standard,False,-5.658,"To calculate the change in prediction when \( x_1 \) increases by 1 unit (with all other features at 0), we need to consider the contribution of \( x_1 \) to the first layer and how it propagates through the network.

### Step-by-step reasoning:
1. **Weight matrix for \( x_1 \):**
   The weights from \( x_1 \) to the 100 hidden neurons have a mean of \(-0.021\).

2. **ReLU activation:**
   Since all other features are 0, the input to each hidden neuron is determined solely by \( x_1 \). If \( x_1 = 0 \), the input to each hidden neuron is 0, and after applying ReLU, the output is also 0. When \( x_1 = 1 \), the input to each hidden neuron becomes equal to its corresponding weight from \( x_1 \). After applying ReLU, only"
MLP,counterfactual_prediction,standard,True,10.58,13.11
MLP,hard_all_features_active,hard,False,6.05,The model's prediction cannot be determined with the given information.
MLP,hard_pairwise_anti_intuitive,hard,False,1.772,"The difference in predictions for sample B and sample A is:

**0.660**

"
MLP,hard_quantitative_sensitivity,hard,False,6.888,"To calculate the change in the model's prediction when \( x_0 \) increases from 0.5 to 2.5 (with \( x_1 = 0 \) and \( x_2 = 0 \)), we need to consider the contribution of \( x_0 \) to the output.

The first-layer weight matrix indicates that the weights connecting \( x_0 \) to the 100 hidden neurons have a mean of -0.015. Since the activation function is ReLU, only positive contributions will propagate through the network.

The change in input \( x_0 \) is:

\[
\Delta x_0 = 2.5 - 0.5 = 2
\]

The total contribution of \( x_0 \) to the hidden layer is approximately:

\[
\Delta_{\text{hidden}} = \Delta x_0 \times (\text{mean weight from } x_0) = 2 \times (-0"
MLP,hard_mixed_sign_goes_negative,hard,False,-0.92,"The information provided is insufficient to compute the exact prediction of the model. Specifically, the biases for the hidden and output layers, as well as the weights for the second layer (hidden to output), are missing. Additionally, without knowing how the ReLU activation function is applied and whether there is any preprocessing of inputs, it is impossible to calculate the final output.

If you can provide the missing details, I can help compute the prediction."
MLP,hard_two_feature_perturbation,hard,False,8.418,0.49
MLP,insight_simulatability,insight,False,10.707,"The information provided is insufficient to compute the exact predicted value. Specifically, the biases, weights of subsequent layers, and activation function details are missing."
MLP,insight_sparse_feature_set,insight,True,"x0, x1 only","x0, x1"
MLP,insight_nonlinear_threshold,insight,True,~0 (flat for x0<0),0.
MLP,insight_nonlinear_direction,insight,False,6.083,"The model's prediction cannot be determined with the given information. You would need the full set of weights and biases for all layers, as well as the activation function details, to compute the output."
MLP,insight_counterfactual_target,insight,False,3.493,8.
MLP,insight_decision_region,insight,False,1.523,"To determine the threshold value of \( x_0 \) for which the model predicts above 6.0, we need to analyze the behavior of the MLP Regressor. However, without the full details of the trained model (e.g., biases, weights for subsequent layers, and exact activation functions), it is not possible to compute the exact threshold value of \( x_0 \)."
MLP,discrim_simulate_all_active,standard,False,5.192,The prediction cannot be determined with the given information.
MLP,discrim_compactness,standard,False,,no
MLP,discrim_dominant_feature_sample,standard,True,"x0 (coefficient ≈7, value=2.0 >> others)",x0
MLP,discrim_unit_sensitivity,standard,False,5.635,"The model's prediction changes by **0.018** when \( x_0 \) increases from 0 to 1, with \( x_1 = 0 \), \( x_2 = 0 \), and \( x_3 = 0 \)."
MLP,discrim_predict_above_threshold,standard,False,2.35,"The model's prediction cannot be determined with the given information. You would need the full weight matrix, biases, and the output layer weights to compute the prediction."
MLP,discrim_predict_below_threshold,standard,False,-0.07,The model's prediction cannot be determined with the given information.
MLP,discrim_simulate_mixed_sign,standard,False,7.23,The prediction 
MLP,discrim_simulate_double_threshold,standard,False,2.152,The model's prediction 
MLP,discrim_simulate_additive_nonlinear,standard,False,5.718,The information provided is insufficient to compute the exact prediction of the model.
MLP,discrim_simulate_interaction,standard,False,12.702,The model's prediction 
MLP,simulatability_eight_features,standard,False,8.359,The prediction 
MLP,simulatability_fifteen_features_sparse,standard,False,20.827,The model's prediction for the given input is **0.0**.
MLP,simulatability_quadratic,standard,False,5.547,"The information provided is insufficient to compute the exact prediction of the model. The weights of the first layer are summarized, but the full weight matrix, biases, and weights of subsequent layers are not provided. Additionally, the activation function and output layer details are not fully specified for computation.

If you need a specific prediction, please provide all necessary details."
MLP,simulatability_triple_interaction,standard,False,-2.256,The prediction 
MLP,simulatability_friedman1,standard,False,15.26,The prediction 
MLP,simulatability_cascading_threshold,standard,False,2.585,The prediction 
MLP,simulatability_quadratic_counterfactual,standard,False,12.106,"The information provided is insufficient to calculate the exact change in prediction. Specifically, the weights of the second layer (hidden to output) and the biases of both layers are missing. These are necessary to compute the output of the model."
MLP,simulatability_exponential_decay,standard,False,3.517,The information provided is insufficient to compute the exact prediction of the model.
MLP,simulatability_piecewise_three_segment,standard,False,1.43,The information provided is insufficient to compute the exact prediction of the model.
MLP,simulatability_twenty_features_sparse,standard,False,14.84,The model's prediction for the given input is **0.0**.
MLP,simulatability_sinusoidal,standard,False,4.386,The model's prediction 
MLP,simulatability_abs_value,standard,False,3.592,"The information provided is insufficient to compute the exact prediction of the model. Specifically, the biases, weights for subsequent layers, and activation function details are missing."
MLP,simulatability_twelve_features_all_active,standard,False,1.779,The prediction 
MLP,simulatability_nested_threshold,standard,False,2.182,The information provided is insufficient to compute the exact prediction of the model.
FIGS_mini,most_important_feature,standard,True,x0,X0
FIGS_mini,point_prediction,standard,True,10.713,10.713
FIGS_mini,direction_of_change,standard,False,8.228,4.212
FIGS_mini,feature_ranking,standard,True,"x0, x1, x2","x0, x1, x2"
FIGS_mini,threshold_identification,standard,True,0.5,0.5
FIGS_mini,irrelevant_features,standard,False,"x1, x2, x3, x4 are irrelevant","The model provided only uses the feature **X0** for all splits and decisions. Therefore, any other features (if they exist) are not used in the model and have no effect on the prediction.

If there are other features besides **X0**, they would be the ones with little or no effect. However, since no other features are mentioned in the model, there are no additional features to list.

If you have a broader context with more features, please provide their names for further clarification."
FIGS_mini,sign_of_effect,standard,True,-4.346,-5.0
FIGS_mini,counterfactual_prediction,standard,True,8.874,8.874
FIGS_mini,hard_all_features_active,hard,False,5.159,7.859
FIGS_mini,hard_pairwise_anti_intuitive,hard,False,-1.947,"To calculate the model's prediction for each sample, we traverse the trees and sum the values at the leaves reached. Then, we compute the difference between the predictions for Sample B and Sample A.

### Tree #0:
1. **Sample A (x0 = 2.0):**
   - Root: \( X0 \leq -0.181 \) → False (go to right subtree).
   - \( X0 \leq 0.724 \) → False (go to right subtree).
   - \( X0 \leq 1.576 \) → False (go to right subtree).
   - Leaf value: **9.695**.

2. **Sample B (x0 = 0.5):**
   - Root: \( X0 \leq -0.181 \) → False (go to right subtree).
   - \( X0 \leq 0.724 \) → True (go to left subtree).
  "
FIGS_mini,hard_quantitative_sensitivity,hard,False,8.8,6.637
FIGS_mini,hard_mixed_sign_goes_negative,hard,False,1.586,3.435
FIGS_mini,hard_two_feature_perturbation,hard,True,9.093,9.094
FIGS_mini,insight_simulatability,insight,False,10.547,15.169
FIGS_mini,insight_sparse_feature_set,insight,True,"x0, x1 only","x0, x1"
FIGS_mini,insight_nonlinear_threshold,insight,True,~0 (flat for x0<0),0.228
FIGS_mini,insight_nonlinear_direction,insight,False,6.484,4.929
FIGS_mini,insight_counterfactual_target,insight,False,10.0,2.355
FIGS_mini,insight_decision_region,insight,True,1.519,1.519
FIGS_mini,discrim_simulate_all_active,standard,False,-0.823,1.459
FIGS_mini,discrim_compactness,standard,True,,yes
FIGS_mini,discrim_dominant_feature_sample,standard,True,"x0 (coefficient ≈7, value=2.0 >> others)",x0
FIGS_mini,discrim_unit_sensitivity,standard,False,4.295,The model's prediction changes by **7.188**.
FIGS_mini,discrim_predict_above_threshold,standard,True,1.98,2.008
FIGS_mini,discrim_predict_below_threshold,standard,False,-0.0,1.979
FIGS_mini,discrim_simulate_mixed_sign,standard,False,9.072,**2.204**
FIGS_mini,discrim_simulate_double_threshold,standard,False,1.99,3.727
FIGS_mini,discrim_simulate_additive_nonlinear,standard,True,4.665,4.258
FIGS_mini,discrim_simulate_interaction,standard,True,11.574,11.290
FIGS_mini,simulatability_eight_features,standard,False,6.766,2.134
FIGS_mini,simulatability_fifteen_features_sparse,standard,False,18.757,24.272
FIGS_mini,simulatability_quadratic,standard,False,3.727,7.974
FIGS_mini,simulatability_triple_interaction,standard,False,-0.448,6.221
FIGS_mini,simulatability_friedman1,standard,True,15.359,16.739
FIGS_mini,simulatability_cascading_threshold,standard,True,1.774,2.017
FIGS_mini,simulatability_quadratic_counterfactual,standard,False,8.722,The prediction changes by **4.595**.
FIGS_mini,simulatability_exponential_decay,standard,False,6.461,**4.46**
FIGS_mini,simulatability_piecewise_three_segment,standard,False,1.791,0.895
FIGS_mini,simulatability_twenty_features_sparse,standard,False,15.49,4.17
FIGS_mini,simulatability_sinusoidal,standard,False,4.77,2.989
FIGS_mini,simulatability_abs_value,standard,False,5.103,The prediction for the given input is **2.172**.
FIGS_mini,simulatability_twelve_features_all_active,standard,False,5.574,-0.274
FIGS_mini,simulatability_nested_threshold,standard,False,2.004,4.816
FIGS_large,most_important_feature,standard,True,x0,x0
FIGS_large,point_prediction,standard,True,9.228,9.228
FIGS_large,direction_of_change,standard,True,7.946,The prediction changes by **7.946**.
FIGS_large,feature_ranking,standard,True,"x0, x1, x2","x0, x1, x2"
FIGS_large,threshold_identification,standard,True,0.5,0.5
FIGS_large,irrelevant_features,standard,True,"x1, x2, x3, x4 are irrelevant","The only features used in the splits of the given regression model are **X0** and **X2**. Any other features not mentioned in the splits have no effect on the prediction.

Thus, the features that appear to have little or no effect on the prediction are:

**X1, X3, X4, ... (and any other features not explicitly mentioned in the tree)**"
FIGS_large,sign_of_effect,standard,False,-5.163,The prediction changes by **-3.0** when \( x_1 \) increases by 1 unit (with all other features at 0).
FIGS_large,counterfactual_prediction,standard,True,9.286,9.286
FIGS_large,hard_all_features_active,hard,False,5.352,6.481
FIGS_large,hard_pairwise_anti_intuitive,hard,False,-3.632,"To calculate the model's prediction for each sample, we traverse the trees and sum the values at the leaves reached. Then, we subtract the prediction for Sample A from that for Sample B.

### Tree #0:
#### Sample A (x0 = 2.0):
- Start at root: \( X0 \leq -0.181 \) → False (go to right subtree).
- Next split: \( X0 \leq 0.724 \) → False (go to right subtree).
- Next split: \( X0 \leq 1.576 \) → False (go to right subtree).
- Next split: \( X0 \leq 1.997 \) → True (go to left leaf).
- Leaf value: **8.973**.

#### Sample B (x0 = 0.5):
- Start at root: \( X0 \leq -0.181 \) → False (go to right subtree).
-"
FIGS_large,hard_quantitative_sensitivity,hard,True,9.633,8.633
FIGS_large,hard_mixed_sign_goes_negative,hard,False,-0.109,7.136
FIGS_large,hard_two_feature_perturbation,hard,False,9.316,13.18
FIGS_large,insight_simulatability,insight,False,12.283,17.924
FIGS_large,insight_sparse_feature_set,insight,True,"x0, x1 only","X0,X1"
FIGS_large,insight_nonlinear_threshold,insight,True,~0 (flat for x0<0),0.228
FIGS_large,insight_nonlinear_direction,insight,True,6.083,6.49
FIGS_large,insight_counterfactual_target,insight,False,10.0,2.544
FIGS_large,insight_decision_region,insight,True,1.519,1.763
FIGS_large,discrim_simulate_all_active,standard,False,0.761,**-9.242**
FIGS_large,discrim_compactness,standard,False,,no
FIGS_large,discrim_dominant_feature_sample,standard,True,"x0 (coefficient ≈7, value=2.0 >> others)",x0
FIGS_large,discrim_unit_sensitivity,standard,True,5.077,The model's prediction changes by **5.077** when \( x_0 \) increases from 0 to 1.
FIGS_large,discrim_predict_above_threshold,standard,True,1.99,2.07
FIGS_large,discrim_predict_below_threshold,standard,True,-0.01,0.036
FIGS_large,discrim_simulate_mixed_sign,standard,False,9.238,2.947
FIGS_large,discrim_simulate_double_threshold,standard,True,1.986,The model predicts: **2.087**
FIGS_large,discrim_simulate_additive_nonlinear,standard,True,5.567,5.235
FIGS_large,discrim_simulate_interaction,standard,True,14.632,17.073
FIGS_large,simulatability_eight_features,standard,False,9.105,4.755
FIGS_large,simulatability_fifteen_features_sparse,standard,False,19.098,10.045
FIGS_large,simulatability_quadratic,standard,False,3.445,7.218
FIGS_large,simulatability_triple_interaction,standard,True,-0.448,-0.448
FIGS_large,simulatability_friedman1,standard,True,15.268,14.426
FIGS_large,simulatability_cascading_threshold,standard,True,2.05,2.236
FIGS_large,simulatability_quadratic_counterfactual,standard,False,8.951,12.974
FIGS_large,simulatability_exponential_decay,standard,True,6.011,5.114
FIGS_large,simulatability_piecewise_three_segment,standard,True,1.512,1.512
FIGS_large,simulatability_twenty_features_sparse,standard,False,12.495,4.191
FIGS_large,simulatability_sinusoidal,standard,True,5.119,5.485
FIGS_large,simulatability_abs_value,standard,False,3.15,2.126
FIGS_large,simulatability_twelve_features_all_active,standard,False,-0.352,4.091
FIGS_large,simulatability_nested_threshold,standard,False,2.001,**4.816**
RuleFit,most_important_feature,standard,True,x0,X0
RuleFit,point_prediction,standard,False,10.13,4.93
RuleFit,direction_of_change,standard,True,7.998,7.96
RuleFit,feature_ranking,standard,True,"x0, x1, x2","X0, X1, X2"
RuleFit,threshold_identification,standard,True,0.5,0.5
RuleFit,irrelevant_features,standard,False,"x1, x2, x3, x4 are irrelevant","Based on the coefficients provided, features with coefficients close to zero have little or no effect on the prediction. These features are:

**X3**"
RuleFit,sign_of_effect,standard,True,-5.106,-5.11
RuleFit,counterfactual_prediction,standard,False,8.926,4.65
RuleFit,hard_all_features_active,hard,True,6.27,6.02
RuleFit,hard_pairwise_anti_intuitive,hard,False,-1.61,"The model's prediction for a sample is calculated by summing the coefficients of all applicable rules. Let's calculate the predictions for Sample A and Sample B.

### Sample A: \( x_0 = 2.0, x_1 = 0.1 \)
1. \( X_0 \): Coefficient = 4.95
2. \( X_1 \): Coefficient = 3.10
3. \( X_0 > -0.90054 \) and \( X_1 \leq 0.4922 \): Coefficient = 0.03 (True)
4. \( X_0 > -1.27046 \) and \( X_1 \leq 0.20226 \): Coefficient = 0.05 (True)
5. \( X_0 > 1.08311 \) and \( X_1 > -0.80566 \): Coefficient = 0.06 (True"
RuleFit,hard_quantitative_sensitivity,hard,False,6.937,1.89
RuleFit,hard_mixed_sign_goes_negative,hard,True,0.118,-0.85
RuleFit,hard_two_feature_perturbation,hard,False,9.188,0.38
RuleFit,insight_simulatability,insight,False,11.17,9.33
RuleFit,insight_sparse_feature_set,insight,True,"x0, x1 only","X0, X1"
RuleFit,insight_nonlinear_threshold,insight,False,~0 (flat for x0<0),0.22847
RuleFit,insight_nonlinear_direction,insight,False,2.063,0.01
RuleFit,insight_counterfactual_target,insight,False,10.0,2.0
RuleFit,insight_decision_region,insight,True,1.535,1.76271
RuleFit,discrim_simulate_all_active,standard,False,5.085,10.91
RuleFit,discrim_compactness,standard,False,,no
RuleFit,discrim_dominant_feature_sample,standard,True,"x0 (coefficient ≈7, value=2.0 >> others)",x0
RuleFit,discrim_unit_sensitivity,standard,True,5.025,The model's prediction changes by **5.02** when \( x_0 \) increases from 0 to 1.
RuleFit,discrim_predict_above_threshold,standard,False,1.99,0.03
RuleFit,discrim_predict_below_threshold,standard,False,-0.03,The prediction is **-1.79**.
RuleFit,discrim_simulate_mixed_sign,standard,False,7.761,3.87
RuleFit,discrim_simulate_double_threshold,standard,False,1.996,0.0
RuleFit,discrim_simulate_additive_nonlinear,standard,False,2.605,The prediction is **0.05**.
RuleFit,discrim_simulate_interaction,standard,False,8.389,4.39
RuleFit,simulatability_eight_features,standard,False,8.234,6.04 × 1.2 + (-4.16) × (-0.8) + 3.03 × 0.5 + (-2.05) × 1.0 + 1.48 × (-0.3) + (-0.98) × 0.7 + 0.48 × (-1.5) + 0.09 = **15.59**
RuleFit,simulatability_fifteen_features_sparse,standard,False,22.145,7.98
RuleFit,simulatability_quadratic,standard,False,6.189,"The prediction for the given input is:

**0.71**"
RuleFit,simulatability_triple_interaction,standard,False,-2.234,**0.98**
RuleFit,simulatability_friedman1,standard,False,14.616,2.24
RuleFit,simulatability_cascading_threshold,standard,False,1.587,0.10
RuleFit,simulatability_quadratic_counterfactual,standard,False,11.953,The prediction changes by **-8.84**.
RuleFit,simulatability_exponential_decay,standard,False,5.922,-4.72
RuleFit,simulatability_piecewise_three_segment,standard,True,0.486,The model predicts **0.01**.
RuleFit,simulatability_twenty_features_sparse,standard,False,14.764,6.17
RuleFit,simulatability_sinusoidal,standard,False,4.218,0.49 + 0.23 + 0.02 + 0.09 + 0.22 + 0.26 + 0.16 = **1.47**
RuleFit,simulatability_abs_value,standard,False,3.711,The prediction is **0.34**.
RuleFit,simulatability_twelve_features_all_active,standard,False,2.653,**-0.27**
RuleFit,simulatability_nested_threshold,standard,False,1.991,0.0
HSTree_mini,most_important_feature,standard,True,x0,X0
HSTree_mini,point_prediction,standard,True,10.713,10.71
HSTree_mini,direction_of_change,standard,False,8.228,4.21
HSTree_mini,feature_ranking,standard,True,"x0, x1, x2","x0, x1"
HSTree_mini,threshold_identification,standard,True,0.5,0.50
HSTree_mini,irrelevant_features,standard,False,"x1, x2, x3, x4 are irrelevant","The decision tree provided only splits on the feature **X0**. This means that no other features are used in the model, and thus, any other features (if they exist) have no effect on the prediction.

If there are additional features besides **X0**, they would be the ones with little or no effect. However, since the tree does not mention any other features explicitly, we cannot list them without additional context.

If you have a list of all features in the dataset, you can exclude **X0** from that list to identify the features with no effect."
HSTree_mini,sign_of_effect,standard,False,-5.575,The prediction changes by **6.43**.
HSTree_mini,counterfactual_prediction,standard,True,8.793,8.79
HSTree_mini,hard_all_features_active,hard,True,5.312,5.31
HSTree_mini,hard_pairwise_anti_intuitive,hard,True,0.078,"To calculate the predictions for Sample A and Sample B, we follow the decision tree rules step by step.

### For Sample A (x0 = 2.0, x1 = 0.1):
1. Start at the root: `X0 > -0.18` (True, since 2.0 > -0.18).
2. Move to the right: `X1 <= 0.22` (True, since 0.1 <= 0.22).
3. Move to the left: `X0 <= 0.72` (False, since 2.0 > 0.72).
4. Move to the right: The value is **4.53**.

### For Sample B (x0 = 0.5, x1 = 3.3):
1. Start at the root: `X0 > -0.18` (True, since 0.5 > -0.18).
2"
HSTree_mini,hard_quantitative_sensitivity,hard,True,8.8,9.80
HSTree_mini,hard_mixed_sign_goes_negative,hard,True,0.223,0.22
HSTree_mini,hard_two_feature_perturbation,hard,True,7.254,7.25
HSTree_mini,insight_simulatability,insight,True,5.208,5.21
HSTree_mini,insight_sparse_feature_set,insight,True,"x0, x1 only","X0,X1"
HSTree_mini,insight_nonlinear_threshold,insight,True,~0 (flat for x0<0),0.23
HSTree_mini,insight_nonlinear_direction,insight,False,6.484,4.93
HSTree_mini,insight_counterfactual_target,insight,False,10.0,2.43
HSTree_mini,insight_decision_region,insight,True,1.519,1.52
HSTree_mini,discrim_simulate_all_active,standard,False,2.368,**5.35**
HSTree_mini,discrim_compactness,standard,True,,yes
HSTree_mini,discrim_dominant_feature_sample,standard,True,"x0 (coefficient ≈7, value=2.0 >> others)",x0
HSTree_mini,discrim_unit_sensitivity,standard,False,5.233,"To determine how much the model's prediction changes when \( x_0 \) increases from 0 to 1, we need to follow the decision tree's structure for both \( x_0 = 0 \) and \( x_0 = 1 \), while keeping \( x_1 = 0 \), \( x_2 = 0 \), and \( x_3 = 0 \).

### Step 1: Prediction when \( x_0 = 0 \)
- Start at the root: \( x_0 = 0 > -0.12 \), so we move to the right branch.
- Next, \( x_0 = 0 \leq 0.87 \), so we move to the left branch.
- Then, \( x_1 = 0 \leq 0.07 \), so we move to the left branch.
- The value at this leaf is **[0.32]**.

### Step "
HSTree_mini,discrim_predict_above_threshold,standard,True,1.95,1.95
HSTree_mini,discrim_predict_below_threshold,standard,True,-0.0,0.0
HSTree_mini,discrim_simulate_mixed_sign,standard,True,6.745,6.75
HSTree_mini,discrim_simulate_double_threshold,standard,True,1.985,1.98
HSTree_mini,discrim_simulate_additive_nonlinear,standard,True,5.662,5.66
HSTree_mini,discrim_simulate_interaction,standard,True,9.903,9.90
HSTree_mini,simulatability_eight_features,standard,True,9.763,9.76
HSTree_mini,simulatability_fifteen_features_sparse,standard,True,15.801,15.80
HSTree_mini,simulatability_quadratic,standard,False,3.757,-0.31
HSTree_mini,simulatability_triple_interaction,standard,True,-0.393,-0.39
HSTree_mini,simulatability_friedman1,standard,True,15.896,12.94
HSTree_mini,simulatability_cascading_threshold,standard,True,1.321,1.32
HSTree_mini,simulatability_quadratic_counterfactual,standard,True,11.009,10.70 - (-0.31) = **11.01**
HSTree_mini,simulatability_exponential_decay,standard,True,4.891,4.89
HSTree_mini,simulatability_piecewise_three_segment,standard,True,1.79,1.79
HSTree_mini,simulatability_twenty_features_sparse,standard,True,13.027,13.03
HSTree_mini,simulatability_sinusoidal,standard,True,3.684,**3.68**
HSTree_mini,simulatability_abs_value,standard,False,3.762,-0.08
HSTree_mini,simulatability_twelve_features_all_active,standard,False,5.513,9.69
HSTree_mini,simulatability_nested_threshold,standard,True,2.004,2.00
HSTree_large,most_important_feature,standard,True,x0,X0
HSTree_large,point_prediction,standard,True,9.228,9.23
HSTree_large,direction_of_change,standard,False,7.94,5.78
HSTree_large,feature_ranking,standard,True,"x0, x1, x2","x0, x1, x2"
HSTree_large,threshold_identification,standard,True,0.5,0.50
HSTree_large,irrelevant_features,standard,True,"x1, x2, x3, x4 are irrelevant","The decision tree provided only uses the feature **X0** for making predictions. No other features are mentioned in the tree structure, which implies that any other features in the dataset have no effect on the prediction.

Thus, **all features except X0** have little or no effect on the prediction. If there are other features in the dataset (e.g., X1, X2, etc.), they are not used in this model. However, since no other feature names are explicitly provided in the tree structure, we "
HSTree_large,sign_of_effect,standard,False,-4.817,"To determine how much the prediction changes when \( x_1 \) increases by 1 unit (with all other features \( x_0 = 0 \) and \( x_2 = 0 \)), we follow the decision tree path for these conditions.

### Step-by-step traversal:
1. Start at the root: \( x_0 \leq 0.50 \) (True, since \( x_0 = 0 \)).
2. Next: \( x_1 \leq 0.99 \) (True, since \( x_1 = 0 \)).
3. Next: \( x_0 \leq 0.15 \) (True, since \( x_0 = 0 \)).
4. Next: \( x_2 \leq 0.60 \) (True, since \( x_2 = 0 \)).
5. Next: \( x_1 \leq 0.83 \) ("
HSTree_large,counterfactual_prediction,standard,True,9.274,9.27
HSTree_large,hard_all_features_active,hard,True,4.831,4.83
HSTree_large,hard_pairwise_anti_intuitive,hard,True,-0.386,"To calculate the predictions for Sample A and Sample B, we traverse the decision tree based on their feature values.

### Sample A: \( x0 = 2.0, x1 = 0.1 \)
1. Start at the root: \( X0 > -0.18 \) (True, go right).
2. Next: \( X1 \leq 0.22 \) (True, go left).
3. Next: \( X0 \leq 0.72 \) (False, go right).
4. Next: \( X0 \leq 1.59 \) (False, go right).

**Prediction for Sample A:** \( 8.36 \).

---

### Sample B: \( x0 = 0.5, x1 = 3.3 \)
1. Start at the root: \( X0 > -0.18 \) (True, go right).
2. Next: \( X1 \"
HSTree_large,hard_quantitative_sensitivity,hard,True,9.633,9.0
HSTree_large,hard_mixed_sign_goes_negative,hard,True,-0.852,-0.85
HSTree_large,hard_two_feature_perturbation,hard,True,7.299,7.30
HSTree_large,insight_simulatability,insight,True,8.126,8.13
HSTree_large,insight_sparse_feature_set,insight,True,"x0, x1 only","X0,X1"
HSTree_large,insight_nonlinear_threshold,insight,False,~0 (flat for x0<0),0.7
HSTree_large,insight_nonlinear_direction,insight,True,6.085,6.08
HSTree_large,insight_counterfactual_target,insight,False,10.0,3.08
HSTree_large,insight_decision_region,insight,True,1.519,1.76
HSTree_large,discrim_simulate_all_active,standard,False,5.323,2.47
HSTree_large,discrim_compactness,standard,False,,**No**
HSTree_large,discrim_dominant_feature_sample,standard,True,"x0 (coefficient ≈7, value=2.0 >> others)",x0
HSTree_large,discrim_unit_sensitivity,standard,False,6.497,"To determine how much the model's prediction changes when \( x_0 \) increases from 0 to 1, we need to follow the decision tree for both \( x_0 = 0 \) and \( x_0 = 1 \), keeping \( x_1 = 0 \), \( x_2 = 0 \), and \( x_3 = 0 \).

### Step 1: Follow the tree for \( x_0 = 0 \), \( x_1 = 0 \)
- Start at the root: \( x_0 > -0.12 \) (True, since \( x_0 = 0 \)).
- Go to the right branch: \( x_0 \leq 0.87 \) (True, since \( x_0 = 0 \)).
- Go to the left branch: \( x_1 \leq 0.07 \) (True, since \( x_1 ="
HSTree_large,discrim_predict_above_threshold,standard,True,1.96,1.96
HSTree_large,discrim_predict_below_threshold,standard,True,-0.0,0.04
HSTree_large,discrim_simulate_mixed_sign,standard,True,3.911,**3.91**
HSTree_large,discrim_simulate_double_threshold,standard,True,1.983,2.00
HSTree_large,discrim_simulate_additive_nonlinear,standard,True,6.479,6.48
HSTree_large,discrim_simulate_interaction,standard,True,15.121,15.12
HSTree_large,simulatability_eight_features,standard,True,9.24,9.24
HSTree_large,simulatability_fifteen_features_sparse,standard,False,18.422,12.99
HSTree_large,simulatability_quadratic,standard,False,3.806,6.07
HSTree_large,simulatability_triple_interaction,standard,True,-0.443,-0.44
HSTree_large,simulatability_friedman1,standard,True,16.548,14.46
HSTree_large,simulatability_cascading_threshold,standard,False,2.031,0.69
HSTree_large,simulatability_quadratic_counterfactual,standard,True,8.229,The prediction changes by **8.23**.
HSTree_large,simulatability_exponential_decay,standard,False,4.925,2.75
HSTree_large,simulatability_piecewise_three_segment,standard,True,1.513,1.51
HSTree_large,simulatability_twenty_features_sparse,standard,True,11.289,11.29
HSTree_large,simulatability_sinusoidal,standard,False,4.145,2.96
HSTree_large,simulatability_abs_value,standard,False,3.479,1.06
HSTree_large,simulatability_twelve_features_all_active,standard,False,1.782,7.92
HSTree_large,simulatability_nested_threshold,standard,True,2.004,2.00
EBM,most_important_feature,standard,False,x0,"To determine the single most important feature for predicting the output using an `ExplainableBoostingRegressor`, you would need to examine the feature importances or scores provided by the model. Since I don't have access to the model's specific details or data, I cannot directly identify the most important feature. However, you can find it by inspecting the `model.feature_importances_` or `model.explain_global()` output.

If you provide the feature importance data or global explanation, I can help identify the most important feature."
EBM,point_prediction,standard,False,9.508,I cannot directly compute the prediction for the given input without access to the trained model and its internal parameters.
EBM,direction_of_change,standard,False,8.302,"To determine the exact change in prediction when \( x_0 \) increases from 0.0 to 1.0 (with all other features at 0.0), you would need access to the trained Explainable Boosting Regressor (EBR) model and its feature contributions. The EBR model provides additive contributions for each feature, so the change in prediction is equal to the difference in the contribution of \( x_0 \) at 1.0 and 0.0.

Without access to the model or its feature contribution values, I cannot provide a specific number. If you have access to the model's feature contribution graph or data, you can directly look up the contribution of \( x_0 \) at 1.0 and subtract its contribution at 0.0 to get the answer.

If you can provide more details or access to the model's outputs, I can assist further!"
EBM,feature_ranking,standard,False,"x0, x1, x2","I'm sorry, I can't determine the most important features without access to the model's feature importances or data."
EBM,threshold_identification,standard,False,0.5,"I would need more information about the model, such as the data it was trained on or the feature importances, to determine the threshold value for \( x_0 \). However, if you have access to the Explainable Boosting Machine (EBM) model's feature graph for \( x_0 \), you can identify the approximate threshold by observing where the prediction values change significantly."
EBM,irrelevant_features,standard,False,"x1, x2, x3, x4 are irrelevant","To determine which features have little or no effect on the prediction in an `ExplainableBoostingRegressor` (EBM) model, you need to examine the feature importances or the magnitudes of the feature contributions. In EBM, this can be done by inspecting the **mean absolute scores** (or similar metrics) for each feature, which indicate how much each feature contributes to the predictions.

However, since you haven't provided the actual output or feature importance values from the model, I cannot directly list the features with little or no effect. You can follow these steps to identify such features:

1. Use the `explain_global()` method of your trained `ExplainableBoostingRegressor` model to get a summary of feature importances.
   ```python
   ebm_global = model.explain_global()
   for i in range(len(ebm_global.data())):
       print(ebm_global.data(i))
   ```

2. Look for features with very low or zero"
EBM,sign_of_effect,standard,False,-5.27,"To determine how much the prediction changes when \( x_1 \) increases by 1 unit (with all other features at 0) for an **Explainable Boosting Regressor (EBR)**, you need to look at the contribution of \( x_1 \) in the model's additive structure. However, without access to the specific trained model or its feature contributions, it is impossible to provide a numerical answer.

If you have access to the trained model, you can inspect the contribution of \( x_1 \) by examining its **individual feature function** (partial dependence plot or similar). The change in prediction when \( x_1 \) increases by 1 unit can be directly read from this function.

If you can provide more details or access to the model's outputs, I can help further!"
EBM,counterfactual_prediction,standard,False,9.757,12.72
EBM,hard_all_features_active,hard,False,5.89,"I cannot provide the prediction as a single number because the Explainable Boosting Regressor (EBM) is an interpretable machine learning model that requires access to the trained model's feature contributions and learned parameters to compute the prediction. Without access to the model's internal details or feature contributions, it is not possible to calculate the output."
EBM,hard_pairwise_anti_intuitive,hard,False,-0.766,I cannot compute the exact difference between the predictions for Sample B and Sample A without access to the trained ExplainableBoostingRegressor model and its learned feature contributions. The result depends on the specific relationships the model has learned from the training data.
EBM,hard_quantitative_sensitivity,hard,False,8.61,"To determine the exact change in the model's prediction when \( x_0 \) increases from 0.5 to 2.5 (with \( x_1 = 0 \) and \( x_2 = 0 \)), you would need access to the Explainable Boosting Regressor (EBR) model's learned feature contributions or its prediction function. Without this information, it is not possible to compute the change in prediction.

If you have access to the EBR model, you can calculate the difference by evaluating the model's predictions at \( x_0 = 0.5 \) and \( x_0 = 2.5 \), while keeping \( x_1 = 0 \) and \( x_2 = 0 \), and then subtracting:

\[
\text{Difference} = \text{Prediction}(x_0=2.5, x_1=0, x_2=0) - \text{Prediction"
EBM,hard_mixed_sign_goes_negative,hard,False,-0.467,I cannot directly compute the prediction for the given input without access to the trained model and its internal parameters.
EBM,hard_two_feature_perturbation,hard,False,9.121,0.03
EBM,insight_simulatability,insight,False,11.102,I cannot provide the predicted value as a single number without access to the trained model and its data.
EBM,insight_sparse_feature_set,insight,False,"x0, x1 only","x0, x1, x2, x3, x4, x5, x6, x7, x8, x9"
EBM,insight_nonlinear_threshold,insight,True,~0 (flat for x0<0),0.
EBM,insight_nonlinear_direction,insight,False,6.057,I cannot provide a specific prediction without access to the trained model and its data.
EBM,insight_counterfactual_target,insight,False,10.0,8.0
EBM,insight_decision_region,insight,False,1.441,"I do not have enough information to calculate the threshold value of \( x_0 \). The ExplainableBoostingRegressor (EBM) is an interpretable machine learning model that uses additive contributions from each feature, but the specific contributions of \( x_0 \), \( x_1 \), and \( x_2 \) are not provided in your question. To determine the threshold for \( x_0 \), I would need the model's learned feature contributions or intercept."
EBM,discrim_simulate_all_active,standard,False,5.875,I cannot directly compute the prediction for the given input without access to the trained model and its internal parameters. The prediction depends on the specific data and patterns learned by the Explainable Boosting Regressor during training.
EBM,discrim_compactness,standard,False,,no
EBM,discrim_dominant_feature_sample,standard,True,"x0 (coefficient ≈7, value=2.0 >> others)",x0
EBM,discrim_unit_sensitivity,standard,False,5.567,"The exact change in the model's prediction when \( x_0 \) increases from 0 to 1 depends on the specific contribution of \( x_0 \) learned by the Explainable Boosting Regressor (EBR). Without access to the trained model's feature contributions or additive terms, it is not possible to provide a single number."
EBM,discrim_predict_above_threshold,standard,False,2.01,I cannot provide a single number as the prediction without access to the trained model and its data. The prediction depends on the specific model's learned parameters and interactions.
EBM,discrim_predict_below_threshold,standard,False,-0.03,I cannot provide a single number as the prediction without access to the trained model and its data. The prediction depends on the specific patterns and relationships learned by the Explainable Boosting Regressor during training.
EBM,discrim_simulate_mixed_sign,standard,False,7.6,I 
EBM,discrim_simulate_double_threshold,standard,False,1.965,I 
EBM,discrim_simulate_additive_nonlinear,standard,False,5.795,I 
EBM,discrim_simulate_interaction,standard,False,14.261,I 
EBM,simulatability_eight_features,standard,False,7.946,I 
EBM,simulatability_fifteen_features_sparse,standard,False,21.877,"To determine the prediction of the Explainable Boosting Regressor (EBR) for the given input, you would need access to the trained model and its feature contributions. Without access to the model or its specific parameters, it is not possible to compute the exact prediction. 

If you have access to the model in your environment, you can use code like this in Python:

```python
from interpret.glassbox import ExplainableBoostingRegressor

# Assuming `model` is your trained ExplainableBoostingRegressor
input_data = [[1.5, 0, 0, 0.7, 0, 0, -1.0, 0, 0, -0.4, 0, 0, 2.0] + [0] * (total_features - 13)]
prediction = model.predict(input_data)
print(prediction[0])
```

Replace `total_features` with the total number of features in your dataset"
EBM,simulatability_quadratic,standard,False,5.152,I 
EBM,simulatability_triple_interaction,standard,False,-2.091,I 
EBM,simulatability_friedman1,standard,False,16.055,I 
EBM,simulatability_cascading_threshold,standard,False,2.521,The prediction for the given input 
EBM,simulatability_quadratic_counterfactual,standard,False,12.063,"To determine the exact change in prediction when \( x_0 \) goes from 0.0 to 2.0, while holding \( x_1 = 0.5 \), \( x_2 = 1.0 \), \( x_3 = 0.0 \), and \( x_4 = 0.0 \) fixed, you would need access to the trained Explainable Boosting Regressor (EBR) model and its feature contributions.

Since I don't have access to the model or its data, I "
EBM,simulatability_exponential_decay,standard,False,4.868,I 
EBM,simulatability_piecewise_three_segment,standard,False,1.518,I 
EBM,simulatability_twenty_features_sparse,standard,False,14.645,"To provide a single number prediction, the actual trained model and its feature contributions are required. Without access to the model or its parameters, I "
EBM,simulatability_sinusoidal,standard,False,4.961,I 
EBM,simulatability_abs_value,standard,False,3.569,I 
EBM,simulatability_twelve_features_all_active,standard,False,1.516,I 
EBM,simulatability_nested_threshold,standard,False,2.068,I 
TabPFN,most_important_feature,standard,False,x0,"The TabPFNRegressor does not provide direct feature importance scores, so it is not possible to determine the single most important feature without additional analysis."
TabPFN,point_prediction,standard,False,9.946,I 
TabPFN,direction_of_change,standard,False,8.019,I 
TabPFN,feature_ranking,standard,False,"x0, x1, x2",
TabPFN,threshold_identification,standard,False,0.5,42
TabPFN,irrelevant_features,standard,False,"x1, x2, x3, x4 are irrelevant","The `TabPFNRegressor` model does not provide direct feature importance scores or a built-in method to identify features with little or no effect on the prediction. To determine which features have little or no effect, you would need to perform additional analysis, such as:

1. **Permutation Importance**: Measure the change in model performance when each feature is randomly shuffled.
2. **Feature Ablation**: Train the model multiple times, each time removing one feature, and observe the impact on performance.
3. **SHAP Values**: Use SHAP (SHapley Additive exPlanations) to analyze the contribution of each feature to the predictions.

If you have already performed such an analysis and identified features with little or no effect, please provide that information so I can assist further. Otherwise, you will need to conduct one of these analyses to identify the features."
TabPFN,sign_of_effect,standard,False,-5.044,"To determine how much the prediction changes when \( x_1 \) increases by 1 unit (with all other features set to 0), you need to evaluate the model's sensitivity to \( x_1 \). However, the exact value depends on the trained model's internal parameters and "
TabPFN,counterfactual_prediction,standard,True,11.885,12.24
TabPFN,hard_all_features_active,hard,False,6.129,I 
TabPFN,hard_pairwise_anti_intuitive,hard,False,1.513,I 
TabPFN,hard_quantitative_sensitivity,hard,False,7.923,I 
TabPFN,hard_mixed_sign_goes_negative,hard,False,-0.702,I 
TabPFN,hard_two_feature_perturbation,hard,False,8.909,0.49
TabPFN,insight_simulatability,insight,False,11.1,"Sorry, I "
TabPFN,insight_sparse_feature_set,insight,False,"x0, x1 only","x0, x1, x2, x3, x4, x5, x6, x7, x8, x9"
TabPFN,insight_nonlinear_threshold,insight,True,~0 (flat for x0<0),0.5
TabPFN,insight_nonlinear_direction,insight,False,6.003,I 
TabPFN,insight_counterfactual_target,insight,False,3.077,8.0
TabPFN,insight_decision_region,insight,False,1.517,I don't have the ability to directly evaluate or infer the behavior of your trained regression model without access to its internal parameters or predictions. You would need to test the model with different values of `x0` while keeping `x1=0` and `x2=0` to determine the threshold where the prediction exceeds 6.0.
TabPFN,discrim_simulate_all_active,standard,False,5.314,I 
TabPFN,discrim_compactness,standard,False,,no
TabPFN,discrim_dominant_feature_sample,standard,True,"x0 (coefficient ≈7, value=2.0 >> others)",x0
TabPFN,discrim_unit_sensitivity,standard,False,5.07,The exact change in the model's prediction when \( x_0 \) increases from 0 to 1 
TabPFN,discrim_predict_above_threshold,standard,False,1.99,I 
TabPFN,discrim_predict_below_threshold,standard,False,-0.0,I 
TabPFN,discrim_simulate_mixed_sign,standard,False,7.306,I 
TabPFN,discrim_simulate_double_threshold,standard,False,1.993,I 
TabPFN,discrim_simulate_additive_nonlinear,standard,False,5.73,I 
TabPFN,discrim_simulate_interaction,standard,False,13.34,I 
TabPFN,simulatability_eight_features,standard,False,7.917,I 
TabPFN,simulatability_fifteen_features_sparse,standard,False,22.06,I 
TabPFN,simulatability_quadratic,standard,False,5.368,I 
TabPFN,simulatability_triple_interaction,standard,False,-2.044,I 
TabPFN,simulatability_friedman1,standard,False,16.09,I 
TabPFN,simulatability_cascading_threshold,standard,False,2.346,I 
TabPFN,simulatability_quadratic_counterfactual,standard,False,12.284,I 
TabPFN,simulatability_exponential_decay,standard,False,5.061,I 
TabPFN,simulatability_piecewise_three_segment,standard,False,1.486,I 
TabPFN,simulatability_twenty_features_sparse,standard,False,14.729,I 
TabPFN,simulatability_sinusoidal,standard,False,4.809,I 
TabPFN,simulatability_abs_value,standard,False,3.563,I 
TabPFN,simulatability_twelve_features_all_active,standard,False,1.267,I 
TabPFN,simulatability_nested_threshold,standard,False,1.996,I 
DecisionTreeSimple,most_important_feature,standard,True,x0,x0
DecisionTreeSimple,point_prediction,standard,True,9.228,9.23
DecisionTreeSimple,direction_of_change,standard,False,7.946,5.44
DecisionTreeSimple,feature_ranking,standard,True,"x0, x1, x2","x0, x1"
DecisionTreeSimple,threshold_identification,standard,True,0.5,0.50
DecisionTreeSimple,irrelevant_features,standard,False,"x1, x2, x3, x4 are irrelevant","Based on the regression model provided, it appears that only one feature, **x0**, is used in the decision tree for making predictions. There are no other features mentioned in the model. Therefore, there are no features that have little or no effect on the prediction.

Answer: *(No features to list)*"
DecisionTreeSimple,sign_of_effect,standard,False,-5.636,The prediction changes by **0.71** when \( x_1 \) increases by 1 unit (with all other features at 0).
DecisionTreeSimple,counterfactual_prediction,standard,True,9.286,9.29
DecisionTreeSimple,hard_all_features_active,hard,True,5.015,5.01
DecisionTreeSimple,hard_pairwise_anti_intuitive,hard,False,-1.901,"To calculate the predictions for Sample A and Sample B, we follow the decision tree rules:

### Sample A: \( x0 = 2.0, x1 = 0.1 \)
- Start at the root: \( x0 > -0.18 \) → go to the right.
- Next: \( x1 \leq 0.22 \) → go to the left.
- Next: \( x0 > 0.72 \) → go to the right.
- Next: \( x0 > 1.59 \) → go to the right.
- Prediction for Sample A: **8.43**

### Sample B: \( x0 = 0.5, x1 = 3.3 \)
- Start at the root: \( x0 > -0.18 \) → go to the right.
- Next: \( x1 > 0.22 \) → go to the right.
- Next: \( x"
DecisionTreeSimple,hard_quantitative_sensitivity,hard,True,9.633,8.61
DecisionTreeSimple,hard_mixed_sign_goes_negative,hard,False,-0.981,4.46
DecisionTreeSimple,hard_two_feature_perturbation,hard,False,6.686,8.70
DecisionTreeSimple,insight_simulatability,insight,True,8.13,8.13
DecisionTreeSimple,insight_sparse_feature_set,insight,True,"x0, x1 only","x0,x1"
DecisionTreeSimple,insight_nonlinear_threshold,insight,True,~0 (flat for x0<0),0.33
DecisionTreeSimple,insight_nonlinear_direction,insight,True,6.484,6.48
DecisionTreeSimple,insight_counterfactual_target,insight,False,10.0,2.18
DecisionTreeSimple,insight_decision_region,insight,True,1.519,1.52
DecisionTreeSimple,discrim_simulate_all_active,standard,True,5.641,5.64
DecisionTreeSimple,discrim_compactness,standard,False,,no
DecisionTreeSimple,discrim_dominant_feature_sample,standard,True,"x0 (coefficient ≈7, value=2.0 >> others)",x0
DecisionTreeSimple,discrim_unit_sensitivity,standard,False,7.122,"To determine the change in the model's prediction when \( x_0 \) increases from 0 to 1, while keeping \( x_1 = 0 \), \( x_2 = 0 \), and \( x_3 = 0 \), we follow the decision tree logic step by step.

### Step 1: Prediction when \( x_0 = 0 \)
- Start at the root: \( x_0 > -0.12 \) (True, since \( x_0 = 0 \)).
- Move to the right: \( x_0 \leq 0.87 \) (True, since \( x_0 = 0 \)).
- Move to the left: \( x_1 \leq 0.07 \) (True, since \( x_1 = 0 \)).
- Move to the left: \( x_0 \leq 0.40 \) (True, since \( x_"
DecisionTreeSimple,discrim_predict_above_threshold,standard,True,1.99,1.99
DecisionTreeSimple,discrim_predict_below_threshold,standard,True,-0.01,-0.01
DecisionTreeSimple,discrim_simulate_mixed_sign,standard,True,4.887,6.36
DecisionTreeSimple,discrim_simulate_double_threshold,standard,True,1.986,1.99
DecisionTreeSimple,discrim_simulate_additive_nonlinear,standard,True,6.501,6.50
DecisionTreeSimple,discrim_simulate_interaction,standard,True,15.318,15.32
DecisionTreeSimple,simulatability_eight_features,standard,False,12.551,8.29
DecisionTreeSimple,simulatability_fifteen_features_sparse,standard,False,14.413,5.65
DecisionTreeSimple,simulatability_quadratic,standard,True,0.603,0.60
DecisionTreeSimple,simulatability_triple_interaction,standard,False,-0.448,4.49
DecisionTreeSimple,simulatability_friedman1,standard,True,15.974,15.97
DecisionTreeSimple,simulatability_cascading_threshold,standard,False,2.035,0.69
DecisionTreeSimple,simulatability_quadratic_counterfactual,standard,False,10.017,The prediction changes by **7.35**.
DecisionTreeSimple,simulatability_exponential_decay,standard,True,3.479,**3.48**
DecisionTreeSimple,simulatability_piecewise_three_segment,standard,True,1.512,1.51
DecisionTreeSimple,simulatability_twenty_features_sparse,standard,True,11.334,11.33
DecisionTreeSimple,simulatability_sinusoidal,standard,True,4.072,4.07
DecisionTreeSimple,simulatability_abs_value,standard,False,3.479,0.63
DecisionTreeSimple,simulatability_twelve_features_all_active,standard,False,1.531,8.21
DecisionTreeSimple,simulatability_nested_threshold,standard,True,2.004,2.00
